{"kind":"identitytoolkit#DownloadAccountResponse","users":[{"localId":"uPzBftylhD2zCLb0Qw21wgvxhCCf","createdAt":"1627954429070","lastLoginAt":"1627954429070","displayName":"test1234","photoUrl":"","passwordHash":"fakeHash:salt=fakeSaltx6ZZqzpNtgwWiemqVv12:password=test1234","salt":"fakeSaltx6ZZqzpNtgwWiemqVv12","passwordUpdatedAt":1629253668487,"providerUserInfo":[{"providerId":"password","email":"test@example.com","federatedId":"test@example.com","rawId":"test@example.com","displayName":"test1234","photoUrl":""}],"validSince":"1629253668","email":"test@example.com","emailVerified":false,"disabled":false}]}