{"kind":"identitytoolkit#DownloadAccountResponse","users":[{"localId":"demo_admin","createdAt":"1632919507974","lastLoginAt":"1632919507973","displayName":"Admin","emailVerified":false,"email":"demo_admin@example.com","salt":"fakeSalteOEsGSQUtPLemzWlVljt","passwordHash":"fakeHash:salt=fakeSalteOEsGSQUtPLemzWlVljt:password=demo_admin","passwordUpdatedAt":1632919507974,"validSince":"1632919507","providerUserInfo":[{"providerId":"password","email":"demo_admin@example.com","federatedId":"demo_admin@example.com","rawId":"demo_admin@example.com","displayName":"Admin"}]},{"localId":"demo_beta_tester","createdAt":"1632919507962","lastLoginAt":"1632919507962","displayName":"Beta-Tester","emailVerified":false,"email":"demo_beta_tester@example.com","salt":"fakeSaltR2sLTAiKw6rxJPqXYrs4","passwordHash":"fakeHash:salt=fakeSaltR2sLTAiKw6rxJPqXYrs4:password=demo_beta_tester","passwordUpdatedAt":1632919507962,"validSince":"1632919507","providerUserInfo":[{"providerId":"password","email":"demo_beta_tester@example.com","federatedId":"demo_beta_tester@example.com","rawId":"demo_beta_tester@example.com","displayName":"Beta-Tester"}]},{"localId":"demo_super_admin","createdAt":"1632919507983","lastLoginAt":"1632919507983","displayName":"Super-Admin","emailVerified":false,"email":"demo_super_admin@example.com","salt":"fakeSaltCS1fQT6oFnPIHNaZD7HI","passwordHash":"fakeHash:salt=fakeSaltCS1fQT6oFnPIHNaZD7HI:password=demo_super_admin","passwordUpdatedAt":1632919507983,"validSince":"1632919507","providerUserInfo":[{"providerId":"password","email":"demo_super_admin@example.com","federatedId":"demo_super_admin@example.com","rawId":"demo_super_admin@example.com","displayName":"Super-Admin"}]},{"localId":"demo_user","createdAt":"1632919507943","lastLoginAt":"1632919507943","displayName":"User","emailVerified":false,"email":"demo_user@example.com","salt":"fakeSaltuc5y0rMh89OwNNWTf7Ce","passwordHash":"fakeHash:salt=fakeSaltuc5y0rMh89OwNNWTf7Ce:password=demo_user","passwordUpdatedAt":1632919507943,"validSince":"1632919507","providerUserInfo":[{"providerId":"password","email":"demo_user@example.com","federatedId":"demo_user@example.com","rawId":"demo_user@example.com","displayName":"User"}]}]}